City,adress
Stockholm,Adlerberthsgatan-123|Aktergatan-124|Allhelgonagatan-125|Adelgatan-165|Adjunktsgatan-164|Agnesgatan-165|Albogatan-174|Akutgatan-175|Albrogatan-123|Alegatan-125|Bondegatan-136|Bohusgatan-147|Kaptensgatan-168|Krokiusgatan-174|Lotsgatan-146|Larmtorget-146|Parkgatan-136|Pallasgatan-137|Pilgatan-133|Berget-126|Bergsbogatan-136|Amiralsgatan-156|Ankargatan-157|Fotstigen-168|Floragatan-146|Butgatan-129|Dagsberg-124|Mesta-146|Mineralgatan-157|Blomstigen-134|Boberg-135|Odlarstigen-178|Odensbergsgatan-178|Abborregatan-147|Aberga-148|Alsta-167|Almstigen-165|Hasselgatan-113|Harstigen-114|Berg-177|Betesbacken-176|Nyby-187|Nyhem-198|Eriksberg-175|Ekorrstigen-146
Malmo,Adlerberthsgatan-123|Aktergatan-124|Allhelgonagatan-125|Adelgatan-165|Adjunktsgatan-164|Agnesgatan-165|Albogatan-174|Akutgatan-175|Albrogatan-123|Alegatan-125|Bondegatan-136|Bohusgatan-147|Kaptensgatan-168|Krokiusgatan-174|Lotsgatan-146|Larmtorget-146|Parkgatan-136|Pallasgatan-137|Pilgatan-133|Berget-126|Bergsbogatan-136|Amiralsgatan-156|Ankargatan-157|Fotstigen-168|Floragatan-146|Butgatan-129|Dagsberg-124|Mesta-146|Mineralgatan-157|Blomstigen-134|Boberg-135|Odlarstigen-178|Odensbergsgatan-178|Abborregatan-147|Aberga-148|Alsta-167|Almstigen-165|Hasselgatan-113|Harstigen-114|Berg-177|Betesbacken-176|Nyby-187|Nyhem-198|Eriksberg-175|Ekorrstigen-146
Lund,Adlerberthsgatan-123|Aktergatan-124|Allhelgonagatan-125|Adelgatan-165|Adjunktsgatan-164|Agnesgatan-165|Albogatan-174|Akutgatan-175|Albrogatan-123|Alegatan-125|Bondegatan-136|Bohusgatan-147|Kaptensgatan-168|Krokiusgatan-174|Lotsgatan-146|Larmtorget-146|Parkgatan-136|Pallasgatan-137|Pilgatan-133|Berget-126|Bergsbogatan-136|Amiralsgatan-156|Ankargatan-157|Fotstigen-168|Floragatan-146|Butgatan-129|Dagsberg-124|Mesta-146|Mineralgatan-157|Blomstigen-134|Boberg-135|Odlarstigen-178|Odensbergsgatan-178|Abborregatan-147|Aberga-148|Alsta-167|Almstigen-165|Hasselgatan-113|Harstigen-114|Berg-177|Betesbacken-176|Nyby-187|Nyhem-198|Eriksberg-175|Ekorrstigen-146
Helsingborg,Adlerberthsgatan-123|Aktergatan-124|Allhelgonagatan-125|Adelgatan-165|Adjunktsgatan-164|Agnesgatan-165|Albogatan-174|Akutgatan-175|Albrogatan-123|Alegatan-125|Bondegatan-136|Bohusgatan-147|Kaptensgatan-168|Krokiusgatan-174|Lotsgatan-146|Larmtorget-146|Parkgatan-136|Pallasgatan-137|Pilgatan-133|Berget-126|Bergsbogatan-136|Amiralsgatan-156|Ankargatan-157|Fotstigen-168|Floragatan-146|Butgatan-129|Dagsberg-124|Mesta-146|Mineralgatan-157|Blomstigen-134|Boberg-135|Odlarstigen-178|Odensbergsgatan-178|Abborregatan-147|Aberga-148|Alsta-167|Almstigen-165|Hasselgatan-113|Harstigen-114|Berg-177|Betesbacken-176|Nyby-187|Nyhem-198|Eriksberg-175|Ekorrstigen-146
Halmstad,Adlerberthsgatan-123|Aktergatan-124|Allhelgonagatan-125|Adelgatan-165|Adjunktsgatan-164|Agnesgatan-165|Albogatan-174|Akutgatan-175|Albrogatan-123|Alegatan-125|Bondegatan-136|Bohusgatan-147|Kaptensgatan-168|Krokiusgatan-174|Lotsgatan-146|Larmtorget-146|Parkgatan-136|Pallasgatan-137|Pilgatan-133|Berget-126|Bergsbogatan-136|Amiralsgatan-156|Ankargatan-157|Fotstigen-168|Floragatan-146|Butgatan-129|Dagsberg-124|Mesta-146|Mineralgatan-157|Blomstigen-134|Boberg-135|Odlarstigen-178|Odensbergsgatan-178|Abborregatan-147|Aberga-148|Alsta-167|Almstigen-165|Hasselgatan-113|Harstigen-114|Berg-177|Betesbacken-176|Nyby-187|Nyhem-198|Eriksberg-175|Ekorrstigen-146
Vaxjo,Adlerberthsgatan-123|Aktergatan-124|Allhelgonagatan-125|Adelgatan-165|Adjunktsgatan-164|Agnesgatan-165|Albogatan-174|Akutgatan-175|Albrogatan-123|Alegatan-125|Bondegatan-136|Bohusgatan-147|Kaptensgatan-168|Krokiusgatan-174|Lotsgatan-146|Larmtorget-146|Parkgatan-136|Pallasgatan-137|Pilgatan-133|Berget-126|Bergsbogatan-136|Amiralsgatan-156|Ankargatan-157|Fotstigen-168|Floragatan-146|Butgatan-129|Dagsberg-124|Mesta-146|Mineralgatan-157|Blomstigen-134|Boberg-135|Odlarstigen-178|Odensbergsgatan-178|Abborregatan-147|Aberga-148|Alsta-167|Almstigen-165|Hasselgatan-113|Harstigen-114|Berg-177|Betesbacken-176|Nyby-187|Nyhem-198|Eriksberg-175|Ekorrstigen-146
Kalmar,Adlerberthsgatan-123|Aktergatan-124|Allhelgonagatan-125|Adelgatan-165|Adjunktsgatan-164|Agnesgatan-165|Albogatan-174|Akutgatan-175|Albrogatan-123|Alegatan-125|Bondegatan-136|Bohusgatan-147|Kaptensgatan-168|Krokiusgatan-174|Lotsgatan-146|Larmtorget-146|Parkgatan-136|Pallasgatan-137|Pilgatan-133|Berget-126|Bergsbogatan-136|Amiralsgatan-156|Ankargatan-157|Fotstigen-168|Floragatan-146|Butgatan-129|Dagsberg-124|Mesta-146|Mineralgatan-157|Blomstigen-134|Boberg-135|Odlarstigen-178|Odensbergsgatan-178|Abborregatan-147|Aberga-148|Alsta-167|Almstigen-165|Hasselgatan-113|Harstigen-114|Berg-177|Betesbacken-176|Nyby-187|Nyhem-198|Eriksberg-175|Ekorrstigen-146
Goteborg,Adlerberthsgatan-123|Aktergatan-124|Allhelgonagatan-125|Adelgatan-165|Adjunktsgatan-164|Agnesgatan-165|Albogatan-174|Akutgatan-175|Albrogatan-123|Alegatan-125|Bondegatan-136|Bohusgatan-147|Kaptensgatan-168|Krokiusgatan-174|Lotsgatan-146|Larmtorget-146|Parkgatan-136|Pallasgatan-137|Pilgatan-133|Berget-126|Bergsbogatan-136|Amiralsgatan-156|Ankargatan-157|Fotstigen-168|Floragatan-146|Butgatan-129|Dagsberg-124|Mesta-146|Mineralgatan-157|Blomstigen-134|Boberg-135|Odlarstigen-178|Odensbergsgatan-178|Abborregatan-147|Aberga-148|Alsta-167|Almstigen-165|Hasselgatan-113|Harstigen-114|Berg-177|Betesbacken-176|Nyby-187|Nyhem-198|Eriksberg-175|Ekorrstigen-146
Boras,Adlerberthsgatan-123|Aktergatan-124|Allhelgonagatan-125|Adelgatan-165|Adjunktsgatan-164|Agnesgatan-165|Albogatan-174|Akutgatan-175|Albrogatan-123|Alegatan-125|Bondegatan-136|Bohusgatan-147|Kaptensgatan-168|Krokiusgatan-174|Lotsgatan-146|Larmtorget-146|Parkgatan-136|Pallasgatan-137|Pilgatan-133|Berget-126|Bergsbogatan-136|Amiralsgatan-156|Ankargatan-157|Fotstigen-168|Floragatan-146|Butgatan-129|Dagsberg-124|Mesta-146|Mineralgatan-157|Blomstigen-134|Boberg-135|Odlarstigen-178|Odensbergsgatan-178|Abborregatan-147|Aberga-148|Alsta-167|Almstigen-165|Hasselgatan-113|Harstigen-114|Berg-177|Betesbacken-176|Nyby-187|Nyhem-198|Eriksberg-175|Ekorrstigen-146
Jonkoping,Adlerberthsgatan-123|Aktergatan-124|Allhelgonagatan-125|Adelgatan-165|Adjunktsgatan-164|Agnesgatan-165|Albogatan-174|Akutgatan-175|Albrogatan-123|Alegatan-125|Bondegatan-136|Bohusgatan-147|Kaptensgatan-168|Krokiusgatan-174|Lotsgatan-146|Larmtorget-146|Parkgatan-136|Pallasgatan-137|Pilgatan-133|Berget-126|Bergsbogatan-136|Amiralsgatan-156|Ankargatan-157|Fotstigen-168|Floragatan-146|Butgatan-129|Dagsberg-124|Mesta-146|Mineralgatan-157|Blomstigen-134|Boberg-135|Odlarstigen-178|Odensbergsgatan-178|Abborregatan-147|Aberga-148|Alsta-167|Almstigen-165|Hasselgatan-113|Harstigen-114|Berg-177|Betesbacken-176|Nyby-187|Nyhem-198|Eriksberg-175|Ekorrstigen-146
Linkoping,Adlerberthsgatan-123|Aktergatan-124|Allhelgonagatan-125|Adelgatan-165|Adjunktsgatan-164|Agnesgatan-165|Albogatan-174|Akutgatan-175|Albrogatan-123|Alegatan-125|Bondegatan-136|Bohusgatan-147|Kaptensgatan-168|Krokiusgatan-174|Lotsgatan-146|Larmtorget-146|Parkgatan-136|Pallasgatan-137|Pilgatan-133|Berget-126|Bergsbogatan-136|Amiralsgatan-156|Ankargatan-157|Fotstigen-168|Floragatan-146|Butgatan-129|Dagsberg-124|Mesta-146|Mineralgatan-157|Blomstigen-134|Boberg-135|Odlarstigen-178|Odensbergsgatan-178|Abborregatan-147|Aberga-148|Alsta-167|Almstigen-165|Hasselgatan-113|Harstigen-114|Berg-177|Betesbacken-176|Nyby-187|Nyhem-198|Eriksberg-175|Ekorrstigen-146
Norrkoping,Adlerberthsgatan-123|Aktergatan-124|Allhelgonagatan-125|Adelgatan-165|Adjunktsgatan-164|Agnesgatan-165|Albogatan-174|Akutgatan-175|Albrogatan-123|Alegatan-125|Bondegatan-136|Bohusgatan-147|Kaptensgatan-168|Krokiusgatan-174|Lotsgatan-146|Larmtorget-146|Parkgatan-136|Pallasgatan-137|Pilgatan-133|Berget-126|Bergsbogatan-136|Amiralsgatan-156|Ankargatan-157|Fotstigen-168|Floragatan-146|Butgatan-129|Dagsberg-124|Mesta-146|Mineralgatan-157|Blomstigen-134|Boberg-135|Odlarstigen-178|Odensbergsgatan-178|Abborregatan-147|Aberga-148|Alsta-167|Almstigen-165|Hasselgatan-113|Harstigen-114|Berg-177|Betesbacken-176|Nyby-187|Nyhem-198|Eriksberg-175|Ekorrstigen-146
Eskilstuna,Adlerberthsgatan-123|Aktergatan-124|Allhelgonagatan-125|Adelgatan-165|Adjunktsgatan-164|Agnesgatan-165|Albogatan-174|Akutgatan-175|Albrogatan-123|Alegatan-125|Bondegatan-136|Bohusgatan-147|Kaptensgatan-168|Krokiusgatan-174|Lotsgatan-146|Larmtorget-146|Parkgatan-136|Pallasgatan-137|Pilgatan-133|Berget-126|Bergsbogatan-136|Amiralsgatan-156|Ankargatan-157|Fotstigen-168|Floragatan-146|Butgatan-129|Dagsberg-124|Mesta-146|Mineralgatan-157|Blomstigen-134|Boberg-135|Odlarstigen-178|Odensbergsgatan-178|Abborregatan-147|Aberga-148|Alsta-167|Almstigen-165|Hasselgatan-113|Harstigen-114|Berg-177|Betesbacken-176|Nyby-187|Nyhem-198|Eriksberg-175|Ekorrstigen-146
Karlstad,Adlerberthsgatan-123|Aktergatan-124|Allhelgonagatan-125|Adelgatan-165|Adjunktsgatan-164|Agnesgatan-165|Albogatan-174|Akutgatan-175|Albrogatan-123|Alegatan-125|Bondegatan-136|Bohusgatan-147|Kaptensgatan-168|Krokiusgatan-174|Lotsgatan-146|Larmtorget-146|Parkgatan-136|Pallasgatan-137|Pilgatan-133|Berget-126|Bergsbogatan-136|Amiralsgatan-156|Ankargatan-157|Fotstigen-168|Floragatan-146|Butgatan-129|Dagsberg-124|Mesta-146|Mineralgatan-157|Blomstigen-134|Boberg-135|Odlarstigen-178|Odensbergsgatan-178|Abborregatan-147|Aberga-148|Alsta-167|Almstigen-165|Hasselgatan-113|Harstigen-114|Berg-177|Betesbacken-176|Nyby-187|Nyhem-198|Eriksberg-175|Ekorrstigen-146
Orebro,Adlerberthsgatan-123|Aktergatan-124|Allhelgonagatan-125|Adelgatan-165|Adjunktsgatan-164|Agnesgatan-165|Albogatan-174|Akutgatan-175|Albrogatan-123|Alegatan-125|Bondegatan-136|Bohusgatan-147|Kaptensgatan-168|Krokiusgatan-174|Lotsgatan-146|Larmtorget-146|Parkgatan-136|Pallasgatan-137|Pilgatan-133|Berget-126|Bergsbogatan-136|Amiralsgatan-156|Ankargatan-157|Fotstigen-168|Floragatan-146|Butgatan-129|Dagsberg-124|Mesta-146|Mineralgatan-157|Blomstigen-134|Boberg-135|Odlarstigen-178|Odensbergsgatan-178|Abborregatan-147|Aberga-148|Alsta-167|Almstigen-165|Hasselgatan-113|Harstigen-114|Berg-177|Betesbacken-176|Nyby-187|Nyhem-198|Eriksberg-175|Ekorrstigen-146
Vasteras,Adlerberthsgatan-123|Aktergatan-124|Allhelgonagatan-125|Adelgatan-165|Adjunktsgatan-164|Agnesgatan-165|Albogatan-174|Akutgatan-175|Albrogatan-123|Alegatan-125|Bondegatan-136|Bohusgatan-147|Kaptensgatan-168|Krokiusgatan-174|Lotsgatan-146|Larmtorget-146|Parkgatan-136|Pallasgatan-137|Pilgatan-133|Berget-126|Bergsbogatan-136|Amiralsgatan-156|Ankargatan-157|Fotstigen-168|Floragatan-146|Butgatan-129|Dagsberg-124|Mesta-146|Mineralgatan-157|Blomstigen-134|Boberg-135|Odlarstigen-178|Odensbergsgatan-178|Abborregatan-147|Aberga-148|Alsta-167|Almstigen-165|Hasselgatan-113|Harstigen-114|Berg-177|Betesbacken-176|Nyby-187|Nyhem-198|Eriksberg-175|Ekorrstigen-146
Uppsala,Adlerberthsgatan-123|Aktergatan-124|Allhelgonagatan-125|Adelgatan-165|Adjunktsgatan-164|Agnesgatan-165|Albogatan-174|Akutgatan-175|Albrogatan-123|Alegatan-125|Bondegatan-136|Bohusgatan-147|Kaptensgatan-168|Krokiusgatan-174|Lotsgatan-146|Larmtorget-146|Parkgatan-136|Pallasgatan-137|Pilgatan-133|Berget-126|Bergsbogatan-136|Amiralsgatan-156|Ankargatan-157|Fotstigen-168|Floragatan-146|Butgatan-129|Dagsberg-124|Mesta-146|Mineralgatan-157|Blomstigen-134|Boberg-135|Odlarstigen-178|Odensbergsgatan-178|Abborregatan-147|Aberga-148|Alsta-167|Almstigen-165|Hasselgatan-113|Harstigen-114|Berg-177|Betesbacken-176|Nyby-187|Nyhem-198|Eriksberg-175|Ekorrstigen-146
Gavle,Adlerberthsgatan-123|Aktergatan-124|Allhelgonagatan-125|Adelgatan-165|Adjunktsgatan-164|Agnesgatan-165|Albogatan-174|Akutgatan-175|Albrogatan-123|Alegatan-125|Bondegatan-136|Bohusgatan-147|Kaptensgatan-168|Krokiusgatan-174|Lotsgatan-146|Larmtorget-146|Parkgatan-136|Pallasgatan-137|Pilgatan-133|Berget-126|Bergsbogatan-136|Amiralsgatan-156|Ankargatan-157|Fotstigen-168|Floragatan-146|Butgatan-129|Dagsberg-124|Mesta-146|Mineralgatan-157|Blomstigen-134|Boberg-135|Odlarstigen-178|Odensbergsgatan-178|Abborregatan-147|Aberga-148|Alsta-167|Almstigen-165|Hasselgatan-113|Harstigen-114|Berg-177|Betesbacken-176|Nyby-187|Nyhem-198|Eriksberg-175|Ekorrstigen-146
Sundsvall,Adlerberthsgatan-123|Aktergatan-124|Allhelgonagatan-125|Adelgatan-165|Adjunktsgatan-164|Agnesgatan-165|Albogatan-174|Akutgatan-175|Albrogatan-123|Alegatan-125|Bondegatan-136|Bohusgatan-147|Kaptensgatan-168|Krokiusgatan-174|Lotsgatan-146|Larmtorget-146|Parkgatan-136|Pallasgatan-137|Pilgatan-133|Berget-126|Bergsbogatan-136|Amiralsgatan-156|Ankargatan-157|Fotstigen-168|Floragatan-146|Butgatan-129|Dagsberg-124|Mesta-146|Mineralgatan-157|Blomstigen-134|Boberg-135|Odlarstigen-178|Odensbergsgatan-178|Abborregatan-147|Aberga-148|Alsta-167|Almstigen-165|Hasselgatan-113|Harstigen-114|Berg-177|Betesbacken-176|Nyby-187|Nyhem-198|Eriksberg-175|Ekorrstigen-146
Umea,Adlerberthsgatan-123|Aktergatan-124|Allhelgonagatan-125|Adelgatan-165|Adjunktsgatan-164|Agnesgatan-165|Albogatan-174|Akutgatan-175|Albrogatan-123|Alegatan-125|Bondegatan-136|Bohusgatan-147|Kaptensgatan-168|Krokiusgatan-174|Lotsgatan-146|Larmtorget-146|Parkgatan-136|Pallasgatan-137|Pilgatan-133|Berget-126|Bergsbogatan-136|Amiralsgatan-156|Ankargatan-157|Fotstigen-168|Floragatan-146|Butgatan-129|Dagsberg-124|Mesta-146|Mineralgatan-157|Blomstigen-134|Boberg-135|Odlarstigen-178|Odensbergsgatan-178|Abborregatan-147|Aberga-148|Alsta-167|Almstigen-165|Hasselgatan-113|Harstigen-114|Berg-177|Betesbacken-176|Nyby-187|Nyhem-198|Eriksberg-175|Ekorrstigen-146
Lulea,Adlerberthsgatan-123|Aktergatan-124|Allhelgonagatan-125|Adelgatan-165|Adjunktsgatan-164|Agnesgatan-165|Albogatan-174|Akutgatan-175|Albrogatan-123|Alegatan-125|Bondegatan-136|Bohusgatan-147|Kaptensgatan-168|Krokiusgatan-174|Lotsgatan-146|Larmtorget-146|Parkgatan-136|Pallasgatan-137|Pilgatan-133|Berget-126|Bergsbogatan-136|Amiralsgatan-156|Ankargatan-157|Fotstigen-168|Floragatan-146|Butgatan-129|Dagsberg-124|Mesta-146|Mineralgatan-157|Blomstigen-134|Boberg-135|Odlarstigen-178|Odensbergsgatan-178|Abborregatan-147|Aberga-148|Alsta-167|Almstigen-165|Hasselgatan-113|Harstigen-114|Berg-177|Betesbacken-176|Nyby-187|Nyhem-198|Eriksberg-175|Ekorrstigen-146
