City,Links
Stockholm,Malmo|Lund|Helsingborg|Halmstad|Vaxjo|Kalmar|Goteborg|Boras|Jonkoping|Linkoping|Norrkoping|Eskilstuna|Karlstad|Orebro|Vasteras|Uppsala|Gavle|Sundsvall|Umea|Lulea
Malmo,Stockholm|Lund|Helsingborg|Halmstad|Vaxjo|Kalmar|Goteborg|Boras|Jonkoping|Linkoping|Norrkoping|Eskilstuna|Karlstad|Orebro|Vasteras|Uppsala|Gavle|Sundsvall|Umea|Lulea
Lund,Stockholm|Malmo|Helsingborg|Halmstad|Vaxjo|Kalmar|Goteborg|Boras|Jonkoping|Linkoping|Norrkoping|Eskilstuna|Karlstad|Orebro|Vasteras|Uppsala|Gavle|Sundsvall|Umea|Lulea
Helsingborg,Stockholm|Malmo|Lund|Halmstad|Vaxjo|Kalmar|Goteborg|Boras|Jonkoping|Linkoping|Norrkoping|Eskilstuna|Karlstad|Orebro|Vasteras|Uppsala|Gavle|Sundsvall|Umea|Lulea
Halmstad,Stockholm|Malmo|Lund|Helsingborg|Vaxjo|Kalmar|Goteborg|Boras|Jonkoping|Linkoping|Norrkoping|Eskilstuna|Karlstad|Orebro|Vasteras|Uppsala|Gavle|Sundsvall|Umea|Lulea
Vaxjo,Stockholm|Malmo|Lund|Helsingborg|Halmstad|Kalmar|Goteborg|Boras|Jonkoping|Linkoping|Norrkoping|Eskilstuna|Karlstad|Orebro|Vasteras|Uppsala|Gavle|Sundsvall|Umea|Lulea
Kalmar,Stockholm|Malmo|Lund|Helsingborg|Halmstad|Vaxjo|Goteborg|Boras|Jonkoping|Linkoping|Norrkoping|Eskilstuna|Karlstad|Orebro|Vasteras|Uppsala|Gavle|Sundsvall|Umea|Lulea
Goteborg,Stockholm|Malmo|Lund|Helsingborg|Halmstad|Vaxjo|Kalmar|Boras|Jonkoping|Linkoping|Norrkoping|Eskilstuna|Karlstad|Orebro|Vasteras|Uppsala|Gavle|Sundsvall|Umea|Lulea
Boras,Stockholm|Malmo|Lund|Helsingborg|Halmstad|Vaxjo|Kalmar|Goteborg|Jonkoping|Linkoping|Norrkoping|Eskilstuna|Karlstad|Orebro|Vasteras|Uppsala|Gavle|Sundsvall|Umea|Lulea
Jonkoping,Stockholm|Malmo|Lund|Helsingborg|Halmstad|Vaxjo|Kalmar|Goteborg|Boras|Linkoping|Norrkoping|Eskilstuna|Karlstad|Orebro|Vasteras|Uppsala|Gavle|Sundsvall|Umea|Lulea
Linkoping,Stockholm|Malmo|Lund|Helsingborg|Halmstad|Vaxjo|Kalmar|Goteborg|Boras|Jonkoping|Norrkoping|Eskilstuna|Karlstad|Orebro|Vasteras|Uppsala|Gavle|Sundsvall|Umea|Lulea
Norrkoping,Stockholm|Malmo|Lund|Helsingborg|Halmstad|Vaxjo|Kalmar|Goteborg|Boras|Jonkoping|Linkoping|Eskilstuna|Karlstad|Orebro|Vasteras|Uppsala|Gavle|Sundsvall|Umea|Lulea
Eskilstuna,Stockholm|Malmo|Lund|Helsingborg|Halmstad|Vaxjo|Kalmar|Goteborg|Boras|Jonkoping|Linkoping|Norrkoping|Karlstad|Orebro|Vasteras|Uppsala|Gavle|Sundsvall|Umea|Lulea
Karlstad,Stockholm|Malmo|Lund|Helsingborg|Halmstad|Vaxjo|Kalmar|Goteborg|Boras|Jonkoping|Linkoping|Norrkoping|Eskilstuna|Orebro|Vasteras|Uppsala|Gavle|Sundsvall|Umea|Lulea
Orebro,Stockholm|Malmo|Lund|Helsingborg|Halmstad|Vaxjo|Kalmar|Goteborg|Boras|Jonkoping|Linkoping|Norrkoping|Eskilstuna|Karlstad|Vasteras|Uppsala|Gavle|Sundsvall|Umea|Lulea
Vasteras,Stockholm|Malmo|Lund|Helsingborg|Halmstad|Vaxjo|Kalmar|Goteborg|Boras|Jonkoping|Linkoping|Norrkoping|Eskilstuna|Karlstad|Orebro|Uppsala|Gavle|Sundsvall|Umea|Lulea
Uppsala,Stockholm|Malmo|Lund|Helsingborg|Halmstad|Vaxjo|Kalmar|Goteborg|Boras|Jonkoping|Linkoping|Norrkoping|Eskilstuna|Karlstad|Orebro|Vasteras|Gavle|Sundsvall|Umea|Lulea
Gavle,Stockholm|Malmo|Lund|Helsingborg|Halmstad|Vaxjo|Kalmar|Goteborg|Boras|Jonkoping|Linkoping|Norrkoping|Eskilstuna|Karlstad|Orebro|Vasteras|Uppsala|Sundsvall|Umea|Lulea
Sundsvall,Stockholm|Malmo|Lund|Helsingborg|Halmstad|Vaxjo|Kalmar|Goteborg|Boras|Jonkoping|Linkoping|Norrkoping|Eskilstuna|Karlstad|Orebro|Vasteras|Uppsala|Gavle|Umea|Lulea
Umea,Stockholm|Malmo|Lund|Helsingborg|Halmstad|Vaxjo|Kalmar|Goteborg|Boras|Jonkoping|Linkoping|Norrkoping|Eskilstuna|Karlstad|Orebro|Vasteras|Uppsala|Gavle|Sundsvall|Lulea
Lulea,Stockholm|Malmo|Lund|Helsingborg|Halmstad|Vaxjo|Kalmar|Goteborg|Boras|Jonkoping|Linkoping|Norrkoping|Eskilstuna|Karlstad|Orebro|Vasteras|Uppsala|Gavle|Sundsvall|Umea